Patient_ID	age	sex	race	SHANK2_Mutation	SHANK2_Location	SHANK2_Mutation_Status	PTEN_Mutation	PTEN_Location	PTEN_Mutation_Status	TP53_Mutation	TP53_Location	TP53_Mutation_Status	Sample_Status
C3L-00006	64	Female	White	Missense_Mutation	p.S1692R	Single_mutation	Missense_Mutation	p.R130Q	Multiple_mutation	Missense_Mutation	p.R248W	Single_mutation	Tumor
C3L-00008	58	Female	White	Wildtype_Tumor	No_mutation	Wildtype_Tumor	Missense_Mutation	p.G127R	Single_mutation	Wildtype_Tumor	No_mutation	Wildtype_Tumor	Tumor
C3L-00032	50	Female	White	Wildtype_Tumor	No_mutation	Wildtype_Tumor	Nonsense_Mutation	p.W111*	Single_mutation	Wildtype_Tumor	No_mutation	Wildtype_Tumor	Tumor
C3L-00084	74	Female	White	Wildtype_Tumor	No_mutation	Wildtype_Tumor	Wildtype_Tumor	No_mutation	Wildtype_Tumor	Wildtype_Tumor	No_mutation	Wildtype_Tumor	Tumor
C3L-00090	75	Female	White	Wildtype_Tumor	No_mutation	Wildtype_Tumor	Missense_Mutation	p.R130G	Single_mutation	Wildtype_Tumor	No_mutation	Wildtype_Tumor	Tumor
C3L-00098	63	Female	White	Wildtype_Tumor	No_mutation	Wildtype_Tumor	Wildtype_Tumor	No_mutation	Wildtype_Tumor	Missense_Mutation	p.S241C	Single_mutation	Tumor
C3L-00136	50	Female	White	Wildtype_Tumor	No_mutation	Wildtype_Tumor	Missense_Mutation	p.Y68C	Multiple_mutation	Wildtype_Tumor	No_mutation	Wildtype_Tumor	Tumor
C3L-00137	60	Female	White	Wildtype_Tumor	No_mutation	Wildtype_Tumor	Frame_Shift_Ins	p.H118fs	Multiple_mutation	Missense_Mutation	p.S127Y	Single_mutation	Tumor
C3L-00139	83	Female	White	Wildtype_Tumor	No_mutation	Wildtype_Tumor	Wildtype_Tumor	No_mutation	Wildtype_Tumor	Nonsense_Mutation	p.R196*	Single_mutation	Tumor
C3L-00143	69	Female	White	Wildtype_Tumor	No_mutation	Wildtype_Tumor	Missense_Mutation	p.R130G	Single_mutation	Wildtype_Tumor	No_mutation	Wildtype_Tumor	Tumor
C3L-00145	59	Female	White	Wildtype_Tumor	No_mutation	Wildtype_Tumor	Missense_Mutation	p.H93R	Multiple_mutation	Wildtype_Tumor	No_mutation	Wildtype_Tumor	Tumor
C3L-00156	56	Female	White	Wildtype_Tumor	No_mutation	Wildtype_Tumor	Missense_Mutation	p.R173C	Multiple_mutation	Wildtype_Tumor	No_mutation	Wildtype_Tumor	Tumor
C3L-00157	60	Female	White	Wildtype_Tumor	No_mutation	Wildtype_Tumor	Wildtype_Tumor	No_mutation	Wildtype_Tumor	Wildtype_Tumor	No_mutation	Wildtype_Tumor	Tumor
C3L-00161	46	Female	White	Missense_Mutation	p.A1377V	Single_mutation	Frame_Shift_Del	p.K267fs	Multiple_mutation	Wildtype_Tumor	No_mutation	Wildtype_Tumor	Tumor
C3L-00356	73	Female	White	Wildtype_Tumor	No_mutation	Wildtype_Tumor	Wildtype_Tumor	No_mutation	Wildtype_Tumor	Wildtype_Tumor	No_mutation	Wildtype_Tumor	Tumor
C3L-00358	>=90	Female	White	Wildtype_Tumor	No_mutation	Wildtype_Tumor	Wildtype_Tumor	No_mutation	Wildtype_Tumor	Missense_Mutation	p.K164E	Single_mutation	Tumor
C3L-00361	64	Female	White	Wildtype_Tumor	No_mutation	Wildtype_Tumor	Wildtype_Tumor	No_mutation	Wildtype_Tumor	Wildtype_Tumor	No_mutation	Wildtype_Tumor	Tumor
C3L-00362	38	Female	White	Wildtype_Tumor	No_mutation	Wildtype_Tumor	Wildtype_Tumor	No_mutation	Wildtype_Tumor	Wildtype_Tumor	No_mutation	Wildtype_Tumor	Tumor
C3L-00413	60	Female	White	Wildtype_Tumor	No_mutation	Wildtype_Tumor	Frame_Shift_Del	p.N262fs	Single_mutation	Wildtype_Tumor	No_mutation	Wildtype_Tumor	Tumor
C3L-00449	59	Female	White	Wildtype_Tumor	No_mutation	Wildtype_Tumor	Missense_Mutation	p.A126T	Single_mutation	Missense_Mutation	p.G244D	Single_mutation	Tumor
C3L-00563	62	Female	Asian	Wildtype_Tumor	No_mutation	Wildtype_Tumor	Missense_Mutation	p.H123R	Multiple_mutation	Wildtype_Tumor	No_mutation	Wildtype_Tumor	Tumor
C3L-00586	50	Female	White	Silent	p.S52S	Multiple_mutation	Missense_Mutation	p.N69T	Multiple_mutation	Nonsense_Mutation	p.R213*	Single_mutation	Tumor
C3L-00601	57	Female	White	Wildtype_Tumor	No_mutation	Wildtype_Tumor	Missense_Mutation	p.R173C	Multiple_mutation	Wildtype_Tumor	No_mutation	Wildtype_Tumor	Tumor
C3L-00605	73	Female	White	Missense_Mutation	p.A205T	Single_mutation	Missense_Mutation	p.D92E	Multiple_mutation	Wildtype_Tumor	No_mutation	Wildtype_Tumor	Tumor
C3L-00767	56	Female	White	Wildtype_Tumor	No_mutation	Wildtype_Tumor	Frame_Shift_Del	p.T321fs	Multiple_mutation	Wildtype_Tumor	No_mutation	Wildtype_Tumor	Tumor
C3L-00769	56	Female	White	Wildtype_Tumor	No_mutation	Wildtype_Tumor	Frame_Shift_Del	p.N12fs	Single_mutation	Wildtype_Tumor	No_mutation	Wildtype_Tumor	Tumor
C3L-00770	73	Female	White	Wildtype_Tumor	No_mutation	Wildtype_Tumor	Missense_Mutation	p.F56C	Multiple_mutation	Wildtype_Tumor	No_mutation	Wildtype_Tumor	Tumor
C3L-00771	86	Female	White	Wildtype_Tumor	No_mutation	Wildtype_Tumor	Missense_Mutation	p.R130P	Multiple_mutation	Wildtype_Tumor	No_mutation	Wildtype_Tumor	Tumor
C3L-00780	69	Female	White	Wildtype_Tumor	No_mutation	Wildtype_Tumor	Missense_Mutation	p.G127V	Multiple_mutation	Wildtype_Tumor	No_mutation	Wildtype_Tumor	Tumor
C3L-00781	48	Female	White	Wildtype_Tumor	No_mutation	Wildtype_Tumor	Frame_Shift_Del	p.K267fs	Multiple_mutation	Wildtype_Tumor	No_mutation	Wildtype_Tumor	Tumor
C3L-00905	64	Female	White	Wildtype_Tumor	No_mutation	Wildtype_Tumor	Wildtype_Tumor	No_mutation	Wildtype_Tumor	In_Frame_Del	p.S241del	Single_mutation	Tumor
C3L-00918	68	Female	White	Wildtype_Tumor	No_mutation	Wildtype_Tumor	Nonsense_Mutation	p.R130*	Multiple_mutation	Missense_Mutation	p.A138V	Single_mutation	Tumor
C3L-00921	66	Female	White	Wildtype_Tumor	No_mutation	Wildtype_Tumor	Nonsense_Mutation	p.Q171*	Single_mutation	Wildtype_Tumor	No_mutation	Wildtype_Tumor	Tumor
C3L-00932	67	Female	White	Wildtype_Tumor	No_mutation	Wildtype_Tumor	Wildtype_Tumor	No_mutation	Wildtype_Tumor	Wildtype_Tumor	No_mutation	Wildtype_Tumor	Tumor
C3L-00938	53	Female	White	Wildtype_Tumor	No_mutation	Wildtype_Tumor	Wildtype_Tumor	No_mutation	Wildtype_Tumor	Wildtype_Tumor	No_mutation	Wildtype_Tumor	Tumor
C3L-00942	64	Female	White	Wildtype_Tumor	No_mutation	Wildtype_Tumor	Missense_Mutation	p.A126S	Single_mutation	Wildtype_Tumor	No_mutation	Wildtype_Tumor	Tumor
C3L-00946	64	Female	White	Wildtype_Tumor	No_mutation	Wildtype_Tumor	Frame_Shift_Ins	p.P248fs	Single_mutation	Wildtype_Tumor	No_mutation	Wildtype_Tumor	Tumor
C3L-00947	71	Female	White	Wildtype_Tumor	No_mutation	Wildtype_Tumor	Wildtype_Tumor	No_mutation	Wildtype_Tumor	Wildtype_Tumor	No_mutation	Wildtype_Tumor	Tumor
C3L-00949	64	Female	White	Wildtype_Tumor	No_mutation	Wildtype_Tumor	Missense_Mutation	p.R130G	Multiple_mutation	Wildtype_Tumor	No_mutation	Wildtype_Tumor	Tumor
C3L-00961	59	Female	White	Wildtype_Tumor	No_mutation	Wildtype_Tumor	Missense_Mutation	p.G129E	Single_mutation	Wildtype_Tumor	No_mutation	Wildtype_Tumor	Tumor
C3L-00963	59	Female	White	Wildtype_Tumor	No_mutation	Wildtype_Tumor	Wildtype_Tumor	No_mutation	Wildtype_Tumor	Nonsense_Mutation	p.W146*	Single_mutation	Tumor
C3L-01246	62	Female	White	Wildtype_Tumor	No_mutation	Wildtype_Tumor	Wildtype_Tumor	No_mutation	Wildtype_Tumor	Frame_Shift_Ins	p.V217fs	Single_mutation	Tumor
C3L-01247	63	Female	White	Wildtype_Tumor	No_mutation	Wildtype_Tumor	Wildtype_Tumor	No_mutation	Wildtype_Tumor	Wildtype_Tumor	No_mutation	Wildtype_Tumor	Tumor
C3L-01248	42	Female	White	Wildtype_Tumor	No_mutation	Wildtype_Tumor	Missense_Mutation	p.Y177C	Multiple_mutation	Wildtype_Tumor	No_mutation	Wildtype_Tumor	Tumor
C3L-01249	65	Female	White	Wildtype_Tumor	No_mutation	Wildtype_Tumor	Frame_Shift_Del	p.D51fs	Single_mutation	Wildtype_Tumor	No_mutation	Wildtype_Tumor	Tumor
C3L-01252	76	Female	White	Missense_Mutation	p.A1460V	Single_mutation	Missense_Mutation	p.I122N	Multiple_mutation	Wildtype_Tumor	No_mutation	Wildtype_Tumor	Tumor
C3L-01253	77	Female	White	Wildtype_Tumor	No_mutation	Wildtype_Tumor	Wildtype_Tumor	No_mutation	Wildtype_Tumor	Wildtype_Tumor	No_mutation	Wildtype_Tumor	Tumor
C3L-01256	75	Female	White	Wildtype_Tumor	No_mutation	Wildtype_Tumor	Frame_Shift_Del	p.N329fs	Single_mutation	Wildtype_Tumor	No_mutation	Wildtype_Tumor	Tumor
C3L-01257	71	Female	White	Wildtype_Tumor	No_mutation	Wildtype_Tumor	Frame_Shift_Del	p.P30fs	Single_mutation	Missense_Mutation	p.L14P	Single_mutation	Tumor
C3L-01275	65	Female	Unknown	Nonsense_Mutation	p.Q1633*	Single_mutation	Nonsense_Mutation	p.Q245*	Single_mutation	Wildtype_Tumor	No_mutation	Wildtype_Tumor	Tumor
C3L-01282	64	Female	White	Wildtype_Tumor	No_mutation	Wildtype_Tumor	Nonsense_Mutation	p.G209*	Multiple_mutation	Wildtype_Tumor	No_mutation	Wildtype_Tumor	Tumor
C3L-01284	49	Female	Asian	Wildtype_Tumor	No_mutation	Wildtype_Tumor	Wildtype_Tumor	No_mutation	Wildtype_Tumor	Wildtype_Tumor	No_mutation	Wildtype_Tumor	Tumor
C3L-01304	68	Female	White	Wildtype_Tumor	No_mutation	Wildtype_Tumor	Frame_Shift_Ins	p.I168fs	Single_mutation	Wildtype_Tumor	No_mutation	Wildtype_Tumor	Tumor
C3L-01307	74	Female	White	Wildtype_Tumor	No_mutation	Wildtype_Tumor	Missense_Mutation	p.Y174N	Multiple_mutation	Nonsense_Mutation	p.E198*	Single_mutation	Tumor
C3L-01311	55	Female	White	Wildtype_Tumor	No_mutation	Wildtype_Tumor	Missense_Mutation	p.R130Q	Multiple_mutation	Wildtype_Tumor	No_mutation	Wildtype_Tumor	Tumor
C3L-01312	56	Female	White	Wildtype_Tumor	No_mutation	Wildtype_Tumor	Missense_Mutation	p.Y88D	Multiple_mutation	Wildtype_Tumor	No_mutation	Wildtype_Tumor	Tumor
C3L-01744	62	Female	White	Wildtype_Tumor	No_mutation	Wildtype_Tumor	Missense_Mutation	p.P96S	Multiple_mutation	Wildtype_Tumor	No_mutation	Wildtype_Tumor	Tumor
C3L-01925	65	Female	White	Wildtype_Tumor	No_mutation	Wildtype_Tumor	Wildtype_Tumor	No_mutation	Wildtype_Tumor	Frame_Shift_Del	p.E343fs	Single_mutation	Tumor
C3N-00151	60	Female	Unknown	Missense_Mutation	p.D18N	Single_mutation	Missense_Mutation	p.R130Q	Multiple_mutation	Silent	p.F338F	Single_mutation	Tumor
C3N-00200	72	Female	Black or African American	Wildtype_Tumor	No_mutation	Wildtype_Tumor	Frame_Shift_Del	p.G44fs	Multiple_mutation	Wildtype_Tumor	No_mutation	Wildtype_Tumor	Tumor
C3N-00321	64	Female	Unknown	Wildtype_Tumor	No_mutation	Wildtype_Tumor	Frame_Shift_Del	p.V290fs	Single_mutation	Wildtype_Tumor	No_mutation	Wildtype_Tumor	Tumor
C3N-00322	70	Female	Unknown	Wildtype_Tumor	No_mutation	Wildtype_Tumor	Frame_Shift_Del	p.G293fs	Single_mutation	Wildtype_Tumor	No_mutation	Wildtype_Tumor	Tumor
C3N-00323	78	Female	Unknown	Wildtype_Tumor	No_mutation	Wildtype_Tumor	Frame_Shift_Del	p.F258fs	Single_mutation	Wildtype_Tumor	No_mutation	Wildtype_Tumor	Tumor
C3N-00324	66	Female	Unknown	Wildtype_Tumor	No_mutation	Wildtype_Tumor	Missense_Mutation	p.D92E	Multiple_mutation	Wildtype_Tumor	No_mutation	Wildtype_Tumor	Tumor
C3N-00326	45	Female	Unknown	Wildtype_Tumor	No_mutation	Wildtype_Tumor	Missense_Mutation	p.D24G	Multiple_mutation	Wildtype_Tumor	No_mutation	Wildtype_Tumor	Tumor
C3N-00328	62	Female	Unknown	Silent	p.F1157F	Single_mutation	Missense_Mutation	p.D92N	Multiple_mutation	Wildtype_Tumor	No_mutation	Wildtype_Tumor	Tumor
C3N-00333	65	Female	Unknown	Wildtype_Tumor	No_mutation	Wildtype_Tumor	Missense_Mutation	p.P96S	Single_mutation	Wildtype_Tumor	No_mutation	Wildtype_Tumor	Tumor
C3N-00334	68	Female	Unknown	Wildtype_Tumor	No_mutation	Wildtype_Tumor	Nonsense_Mutation	p.E99*	Single_mutation	Wildtype_Tumor	No_mutation	Wildtype_Tumor	Tumor
C3N-00335	57	Female	Unknown	Wildtype_Tumor	No_mutation	Wildtype_Tumor	Frame_Shift_Del	p.T319fs	Single_mutation	Wildtype_Tumor	No_mutation	Wildtype_Tumor	Tumor
C3N-00337	67	Female	Unknown	Intron	No_mutation	Single_mutation	Missense_Mutation	p.R130G	Single_mutation	Wildtype_Tumor	No_mutation	Wildtype_Tumor	Tumor
C3N-00339	45	Female	Unknown	Wildtype_Tumor	No_mutation	Wildtype_Tumor	Missense_Mutation	p.R130G	Single_mutation	Missense_Mutation	p.R273H	Single_mutation	Tumor
C3N-00340	60	Female	Unknown	Wildtype_Tumor	No_mutation	Wildtype_Tumor	Wildtype_Tumor	No_mutation	Wildtype_Tumor	Missense_Mutation	p.A159P	Single_mutation	Tumor
C3N-00377	64	Female	Unknown	Wildtype_Tumor	No_mutation	Wildtype_Tumor	Missense_Mutation	p.R130G	Multiple_mutation	Wildtype_Tumor	No_mutation	Wildtype_Tumor	Tumor
C3N-00379	41	Female	Unknown	Wildtype_Tumor	No_mutation	Wildtype_Tumor	Missense_Mutation	p.R130P	Multiple_mutation	Wildtype_Tumor	No_mutation	Wildtype_Tumor	Tumor
C3N-00383	61	Female	Unknown	Wildtype_Tumor	No_mutation	Wildtype_Tumor	Missense_Mutation	p.R130G	Multiple_mutation	Wildtype_Tumor	No_mutation	Wildtype_Tumor	Tumor
C3N-00386	44	Female	Unknown	Wildtype_Tumor	No_mutation	Wildtype_Tumor	Missense_Mutation	p.A126D	Multiple_mutation	Wildtype_Tumor	No_mutation	Wildtype_Tumor	Tumor
C3N-00388	59	Female	Unknown	Wildtype_Tumor	No_mutation	Wildtype_Tumor	Missense_Mutation	p.T78S	Multiple_mutation	Wildtype_Tumor	No_mutation	Wildtype_Tumor	Tumor
C3N-00389	62	Female	Unknown	Missense_Mutation	p.P735L	Single_mutation	Missense_Mutation	p.I122N	Multiple_mutation	Wildtype_Tumor	No_mutation	Wildtype_Tumor	Tumor
C3N-00729	86	Female	White	Wildtype_Tumor	No_mutation	Wildtype_Tumor	Missense_Mutation	p.P38S	Single_mutation	Wildtype_Tumor	No_mutation	Wildtype_Tumor	Tumor
C3N-00734	53	Female	White	Wildtype_Tumor	No_mutation	Wildtype_Tumor	Frame_Shift_Ins	p.M134fs	Single_mutation	Wildtype_Tumor	No_mutation	Wildtype_Tumor	Tumor
C3N-00743	53	Female	Black or African American	Wildtype_Tumor	No_mutation	Wildtype_Tumor	Missense_Mutation	p.C136R	Multiple_mutation	Wildtype_Tumor	No_mutation	Wildtype_Tumor	Tumor
C3N-00836	75	Female	Unknown	Wildtype_Tumor	No_mutation	Wildtype_Tumor	Wildtype_Tumor	No_mutation	Wildtype_Tumor	Missense_Mutation	p.R249S	Single_mutation	Tumor
C3N-00847	65	Female	Unknown	Wildtype_Tumor	No_mutation	Wildtype_Tumor	Missense_Mutation	p.R130L	Single_mutation	Wildtype_Tumor	No_mutation	Wildtype_Tumor	Tumor
C3N-00848	66	Female	Unknown	Wildtype_Tumor	No_mutation	Wildtype_Tumor	Frame_Shift_Del	p.R47fs	Single_mutation	Wildtype_Tumor	No_mutation	Wildtype_Tumor	Tumor
C3N-00850	65	Female	Unknown	Wildtype_Tumor	No_mutation	Wildtype_Tumor	Wildtype_Tumor	No_mutation	Wildtype_Tumor	Wildtype_Tumor	No_mutation	Wildtype_Tumor	Tumor
C3N-00858	65	Female	Unknown	Wildtype_Tumor	No_mutation	Wildtype_Tumor	Nonsense_Mutation	p.S287*	Multiple_mutation	Wildtype_Tumor	No_mutation	Wildtype_Tumor	Tumor
C3N-00866	77	Female	White	Wildtype_Tumor	No_mutation	Wildtype_Tumor	Missense_Mutation	p.H61L	Multiple_mutation	Wildtype_Tumor	No_mutation	Wildtype_Tumor	Tumor
C3N-00880	61	Female	Unknown	Wildtype_Tumor	No_mutation	Wildtype_Tumor	Missense_Mutation	p.R130G	Multiple_mutation	Wildtype_Tumor	No_mutation	Wildtype_Tumor	Tumor
C3N-01001	72	Female	Unknown	Wildtype_Tumor	No_mutation	Wildtype_Tumor	Wildtype_Tumor	No_mutation	Wildtype_Tumor	Wildtype_Tumor	No_mutation	Wildtype_Tumor	Tumor
C3N-01003	73	Female	Unknown	Wildtype_Tumor	No_mutation	Wildtype_Tumor	Wildtype_Tumor	No_mutation	Wildtype_Tumor	Wildtype_Tumor	No_mutation	Wildtype_Tumor	Tumor
C3N-01211	59	Female	Unknown	Wildtype_Tumor	No_mutation	Wildtype_Tumor	Nonsense_Mutation	p.R130*	Multiple_mutation	Wildtype_Tumor	No_mutation	Wildtype_Tumor	Tumor
C3N-01212	63	Female	Unknown	Wildtype_Tumor	No_mutation	Wildtype_Tumor	Missense_Mutation	p.C124S	Multiple_mutation	Wildtype_Tumor	No_mutation	Wildtype_Tumor	Tumor
C3N-01217	58	Female	Unknown	Wildtype_Tumor	No_mutation	Wildtype_Tumor	Frame_Shift_Del	p.I253fs	Single_mutation	Wildtype_Tumor	No_mutation	Wildtype_Tumor	Tumor
C3N-01219	58	Female	Unknown	Wildtype_Tumor	No_mutation	Wildtype_Tumor	Missense_Mutation	p.R130G	Single_mutation	Wildtype_Tumor	No_mutation	Wildtype_Tumor	Tumor
C3N-01267	57	Female	Unknown	Wildtype_Tumor	No_mutation	Wildtype_Tumor	Splice_Site	p.Y27*	Single_mutation	Wildtype_Tumor	No_mutation	Wildtype_Tumor	Tumor
C3N-01346	63	Female	Unknown	Wildtype_Tumor	No_mutation	Wildtype_Tumor	Wildtype_Tumor	No_mutation	Wildtype_Tumor	Missense_Mutation	p.R248W	Single_mutation	Tumor
C3N-01349	77	Female	Unknown	Wildtype_Tumor	No_mutation	Wildtype_Tumor	Nonsense_Mutation	p.R130*	Single_mutation	Missense_Mutation	p.R282W	Multiple_mutation	Tumor
C3N-01510	53	Female	White	Wildtype_Tumor	No_mutation	Wildtype_Tumor	Nonsense_Mutation	p.R130*	Multiple_mutation	Wildtype_Tumor	No_mutation	Wildtype_Tumor	Tumor
C3N-01520	69	Female	Unknown	Missense_Mutation	p.P1586S	Single_mutation	Frame_Shift_Ins	p.D268fs	Multiple_mutation	Wildtype_Tumor	No_mutation	Wildtype_Tumor	Tumor
C3N-01521	75	Female	Unknown	Wildtype_Tumor	No_mutation	Wildtype_Tumor	Wildtype_Tumor	No_mutation	Wildtype_Tumor	Missense_Mutation	p.H193L	Single_mutation	Tumor
C3N-01537	74	Female	Unknown	Wildtype_Tumor	No_mutation	Wildtype_Tumor	Wildtype_Tumor	No_mutation	Wildtype_Tumor	Wildtype_Tumor	No_mutation	Wildtype_Tumor	Tumor
C3N-01802	85	Female	Black or African American	Wildtype_Tumor	No_mutation	Wildtype_Tumor	Wildtype_Tumor	No_mutation	Wildtype_Tumor	Missense_Mutation	p.P27S	Single_mutation	Tumor
C3N-01825	70	Female	Unknown	Wildtype_Tumor	No_mutation	Wildtype_Tumor	Wildtype_Tumor	No_mutation	Wildtype_Tumor	Missense_Mutation	p.R175H	Single_mutation	Tumor
